"MigrationId","Title","Description","Category","Country","Attributes","Identifier","Latitude","Longitude","Altitude","Pitch","Bank","TrueHeading","IndicatedAirspeed","OnGround","EngineEvent"
"297c6f4a-ced3-eff9-a649-ae2afc81d879","Zurich","With around 434,335 inhabitants Zürich is the largest city of Switzerland. Nearby is Zürich Kloten (LSZH), the largest commercial airport of Switzerland.\n\nZürich is among the world's largest financial centres despite having a relatively small population.\n\nIn November 2008 the people of Zürich voted in a public referendum to write into law the quantifiable and fixed deadline of one tonne of CO2 per person per annum by 2050.","CI","CH",0,,47.340671,8.551225,2800,0,0,350,140,"false","KEEP"
"192d3042-f065-828d-0c8b-2331ef032a3a","Geneva Approach","Geneva Airport, still unofficially known as Cointrin Airport, is next to Geneva, the second most populous city of Switzerland. The airport has a single concrete runway (04/22), which is the longest in Switzerland with a length of 3,900 m (12,795 ft) and one of the longest in Europe, making it open to use by aircraft of all existing sizes.\n\nMake an approach, coming from the west, onto runway 04.","AP","CH",0,"LSGG",46.164944,6.001683,3000,0,0,45.45,160,"false","KEEP"
"2c9ff320-b1e8-de3a-a3b5-9fb58748ce95","Montreux","Montreux is a Swiss municipality and town on the shoreline of Lake Geneva at the foot of the Alps.\n\nIt is also well-known for its yearly Montreux Jazz Festival. The famous song Smoke on the Water by Deep Purple (1972) had its origins here, as it chronicles the 1971 fire at Montreux Casino.","TO","CH",0,,46.415075,6.92155,2500,0,0,330,120,"false","KEEP"
"018aea70-5172-4bbc-1465-b9779cb2123b","Valais","The Rhône Valley is a central Alpine valley, i.e. it lies well within the Alps and is shut off from both northern and southern plains. Valais is separated from the Swiss Plateau to the north by the Bernese Alps and from the Po plains to the south by the Valais Alps, respectively north and south of the Rhône.\n\nThe Valais (French) or Wallis (German) is the third largest canton of Switzerland by area.","VA","CH",0,,46.132653,7.125454,5000,0,0,55,120,"false","KEEP"
"440db947-8774-bf6a-d0ef-3229e21c79a5","Matterhorn","The Matterhorn is a mountain of the Alps, straddling the main watershed and border between Switzerland and Italy. It is a large, near-symmetric pyramidal peak in the extended Monte Rosa area of the Pennine Alps, whose summit is 4,478 metres (14,692 ft) high, making it one of the highest summits in the Alps and Europe.","MO","CH",0,,46.003213,7.718563,12150,0,0,230,150,"false","KEEP"
"fa2449ea-9236-d61d-0d17-727c80fa567d","Samedan Approach","Samedan Airport (LSZS), also known as Engadin Airport, is a regional airport in Samedan in the Engadin valley of Switzerland, 5 km from St. Moritz. At an elevation of 1,707 metres (5,600 ft), it is the second highest airliner airport in Europe (with Courchevel being the highest).\n\nIt is also considered one of the most challenging airports in the world because of its difficult topography and winds, and because of the thinness of the air at its altitude.","AP","CH",0,"LSZS",46.474464,9.833996,7000,0,0,30,150,"false","KEEP"
"0ccbc1ed-f839-273e-9045-e251f781c5ba","Verzasca Dam","The Contra Dam, commonly known as the Verzasca Dam and the Locarno Dam, is an arch dam on the Verzasca River in the Val Verzasca of Ticino, Switzerland.\n\nIt also served as the filming location for the opening scene of the James Bond movie Goldeneye (1995). Fly with a PC-6 Porter, for maximum authenticity.","DA","CH",0,,46.182839,8.844621,1750,0,0,10,140,"false","KEEP"
"7f349417-cb1c-ec25-26a1-937d555fcfcc","The Great Aletsch Glacier","The Aletsch Glacier is the largest glacier in the Alps. It has a length of about 23 km, located in the eastern Bernese Alps in the Swiss canton of Valais. The Aletsch Glacier is composed of four smaller glaciers converging at Konkordiaplatz.\n\nThe whole area, including other glaciers is part of the Jungfrau-Aletsch Protected Area, which was declared a UNESCO World Heritage Site in 2001.","GL","CH",0,,46.462431,8.095271,14500,0,0,312,140,"false","KEEP"
"0809dc18-15c8-9bcf-8c49-c06d37eaadd8","Lauterbrunnen Valley","The Lauterbrunnen Valley is located at the foot of the Bernese Alps. It is notably overlooked by the Eiger, Mönch and Jungfrau and many other high peaks.\n\nJ. R. R. Tolkien hiked from Interlaken to the Lauterbrunnen Valley while on a trip to the Continent in 1911. The landscape of the valley later provided the concept and pictorial model for his sketches and watercolours of the fictitious valley of Rivendell, the dwelling place of Elrond Half-elven and his people.","VA","CH",0,,46.539264,7.894373,6000,0,0,15,145,"false","KEEP"
"971f6e39-c93b-91d8-b016-6af582a1c5f9","Thun","Thun is a town and a municipality in the administrative district of Thun in the canton of Bern in Switzerland. It is located where the Aare flows out of Lake Thun (Thunersee), 30 kilometres (19 miles) southeast of Bern.","CI","CH",0,,46.771982,7.600621,3500,0,0,135,140,"false","KEEP"
"d5dbb099-f06e-1c13-239e-1b70f7ada53f","Bern","Bern is the de facto capital of Switzerland, referred to as the federal city. With a population of about 144,000 (as of 2020), Bern is the fourth-most populous city in Switzerland.","CI","CH",0,,46.935464,7.468938,4000,0,0,300,120,"false","KEEP"
"89598ecb-5af9-c02d-0a3d-583a6d53cb0e","Buochs","The Buochs Airport (LSZC) is a regional airport in the town of Buochs in the Canton of Nidwalden in Switzerland. It has a concrete runway with a length of 2000 meters and a width of 40 meters, several taxiways and hangars.\n\nThe nearby Pilatus Aircraft site was used as filming location for the James Bond movie Goldfinger (1964).","AP","CH",0,"LSZC",46.974825,8.384389,1476.53,0,0,152.93,0,"true","STOP"
"6a4e2039-736c-0e48-3439-0e8d3e8c1e2b","Dead Vlei","Dead Vlei is a white clay pan located near the more famous salt pan of Sossusvlei, inside the Namib-Naukluft Park in Namibia. Dead Vlei has been claimed to be surrounded by the highest sand dunes in the world, the highest reaching 300–400 meters, named Big Daddy or Crazy Dune.\n\nFilms partly shot there include The Cell (2000), The Fall (2006), and Ghajini (2008).","DE","NA",0,,-24.747683,15.287745,2500,0,0,173,140,"false","KEEP"
"f6488a2d-a5ac-2d91-b191-55ac6f56d43a","Mount Ngauruhoe","Mount Ngāuruhoe is a fairly active volcanic cone in New Zealand that has first erupted about 2,500 years ago.\n\nMount Ngāuruhoe was used as a stand-in for the fictional Mount Doom in Peter Jackson's The Lord of the Rings film trilogy, achieving worldwide exposure.","MO","NZ",0,,-39.131588,175.611502,8000,0,0,125,110,"false","KEEP"
"29d59987-407d-bd94-2e93-6b1dd484d994","Santons Dumont Approach","Santos Dumont Airport (SBRJ) is the second major airport serving Rio de Janeiro. It is named after the Brazilian aviation pioneer Alberto Santos Dumont (1873–1932).\n\nAim for the Sugar Loaf and then take a sharp left turn. The approach takes you from the northwest over central Rio, where you have to negotiate the mountainous terrain not just around Sugar Loaf, but also around the central west of Rio.\n\nAfter this spectacular left turn take the aircraft down onto runway 02R. ILS would guide you straight through the Sugar Loaf, so this is VFR only.","AP","BR",0,"SBRJ",-22.907535,-43.223084,1800,0,0,124,140,"false","KEEP"
"0e7fff6a-b7c5-12f0-9be7-300e19c0e122","St. Vincent and the Grenadines","Saint Vincent and the Grenadines is an island country in the Caribbean. Kingstown is the capital and main port.\n\nIt is thought that Christopher Columbus sighted the island in 1498, giving it the name St Vincent.","IS","VC",0,,12.628104,-61.32883,1000,0,0,282,125,"false","KEEP"
"5c1dbed7-a02d-5a7b-3a15-d7d6f061f0b0","Bora Bora","Bora Bora is an island group in the Leeward Islands. In the center of the island are the remnants of an extinct volcano, rising to two peaks, Mount Pahia and Mount Otemanu.","IS","PF",0,,-16.577027,-151.740018,2000,0,0,5,135,"false","KEEP"
"05895408-1264-621f-2246-1d3364b1d230","Richat Structure","The Richat Structure, also called Guelb er Richât, is a prominent circular geological feature in the Sahara's Adrar Plateau, near Ouadane, west–central Mauritania, Northwest Africa. It is an eroded geological dome, 40 kilometres (25 mi) in diameter, exposing sedimentary rock in layers which appear as concentric rings.","DE","MR",0,,21.213375,-11.276668,8500,0,0,233,140,"false","KEEP"
"ffe45d74-3fed-f6ce-cbed-9114b3d1b1dc","Grand Canyon","The Grand Canyon is a steep-sided canyon carved by the Colorado River in Arizona, United States. The Grand Canyon is 277 miles (446 km) long, up to 18 miles (29 km) wide and attains a depth of over a mile (6,093 feet or 1,857 meters).","CA","US",0,,36.036829,-112.116729,8100,0,0,335,125,"false","KEEP"
"8627d59a-1709-d4a7-97e8-58831d982879","Monument Valley","Monument Valley (Navajo: Tsé Biiʼ Ndzisgaii, meaning valley of the rocks) is a region of the Colorado Plateau characterized by a cluster of sandstone buttes, the largest reaching 1,000 ft (300 m) above the valley floor. It is located on the Utah-Arizona state line, near the Four Corners area. The valley is a sacred area that lies within the territory of the Navajo Nation Reservation, the Native American people of the area.\n\nDirector John Ford used the location for a number of his Westerns; critic Keith Phipps wrote that ‹‹its five square miles [13 square kilometers] have defined what decades of moviegoers think of when they imagine the American West››.","VA","US",0,,36.964102,-110.160706,7000,0,0,60,120,"false","KEEP"
"3b547508-9630-d2ae-e840-d3f16629ee4d","Cape Eleuthera, Bahamas","Eleuthera refers both to a single island in the archipelagic state of The Commonwealth of the Bahamas and to its associated group of smaller islands. Eleuthera forms a part of the Great Bahama Bank. The island of Eleuthera incorporates the smaller Harbour Island. ‹‹Eleuthera›› derives from the feminine form of the Greek adjective ἐλεύθερος (eleútheros), meaning ‹‹free››.","SE","BS",0,,24.847928,-76.307355,2500,0,0,325,120,"false","KEEP"
"ce50203d-93c0-141f-d075-20da212655d5","Hong Kong","Hong Kong is one of the most densely populated places in the world. Hong Kong is also a major global financial centre and one of the most developed cities in the world.\n\nThe city has the largest number of skyscrapers of any city in the world, and its residents have some of the highest life expectancies in the world. The dense space has led to a highly developed transportation network with public transport rates exceeding 90%.","CI","CN",0,,22.3051462,114.1412881,3500,0,0,80,140,"false","KEEP"
"fb5bd433-63b5-429d-1bab-c3d599e95de0","Hyderabad","Hyderabad is the capital and largest city of the Indian state of Telangana and the de jure capital of Andhra Pradesh. It occupies 650 km2 (250 sq mi) on the Deccan Plateau along the banks of the Musi River, in the northern part of Southern India. With an average altitude of 542 m (1,778 ft), much of Hyderabad is situated on hilly terrain around artificial lakes, including the Hussain Sagar lake, predating the city's founding, in the north of the city centre.\n\nAccording to the 2011 Census of India, Hyderabad is the fourth-most populous city in India with a population of 6.9 million residents within the city limits, and has a population of 9.7 million residents in the metropolitan region, making it the sixth-most populous metropolitan area in India.","CI","IN",0,,17.386095,78.477011,3500,0,0,355,140,"false","KEEP"
"a6355634-d23d-05dc-d1c2-172f14b1cf80","Paris","Paris is the capital and most populous city of France, with an estimated population of 2,165,423 residents in 2019 in an area of more than 105 km² (41 sq mi). Since the 17th century, Paris has been one of the world's major centres of finance, diplomacy, commerce, fashion, gastronomy, science, and arts, and has sometimes been referred to as the capital of the world.\n\nParis is a major railway, highway, and air-transport hub served by two international airports: Paris–Charles de Gaulle (the second-busiest airport in Europe) and Paris–Orly.","CI","FR",0,,48.903447,2.356906,2000,0,0,200,120,"false","KEEP"
"38eb0010-2163-b98c-4591-d9b3ecdd0f67","Heisenberg","34°59'20.0'' N 106°36'52.0'' W - the end of the rainbow? Or maybe not quite. In any case, this is the location of the production studio of some world-famous TV series.","PO","US",0,,34.988889,-106.614444,6200,0,0,320,140,"false","KEEP"
"06be5d4c-1e71-fd00-6175-b4844d94b4f4","Como Hidroport Airport","Travelers and merchants alike have been attracted to Lake Como from time immemorial. The ancient Romans called it Larius, George Clooney calls it home. This glacier lake nestled in the folds of the Alps and lined by picturesque villages, majestic villas, and mountains covered with foliage ranging from palm trees to cypresses, is one of the most beautiful lakes in Europe. One could argue that neighboring Lake Garda and Lake Maggiore are equally stunning, but only the shores of Lake Como can boast of the world’s oldest seaplane operation, the Aero Club Como.\n\nThe Aero Club Como was founded in 1930. However, seaplane operations went on at the same location as early as 1913, most notably the Gran Premio dei Laghi—a rally in which French pilot Roland Garros, who would become a World War I hero, competed flying a Morane-Saulnier. The current hangar is located at the space that served as the base of operations for this event.","WR","IT",0,"LILY",45.814701,9.06972,660.53,0,0,22,0,"true","STOP"
"5994f63d-c048-2fa8-7f90-684073070ab6","University Hospital Zurich","This helipad on the rooftop of the University Hospital of Zurich (USZ) provides a landing spot for the Swiss air rescue (Rega) helicopters.\n\nWith its three ambulance jets and its 14 helicopter bases distributed all over the country, Rega is an integral part of primary medical care in Switzerland. In 2021, Rega came to the aid of more than 12,000 patients and organised about 18,000 missions.","HP","CH",0,,47.376874,8.551116,1570.476,0,0,314.84,0,"true","STOP"
"8fbc7ce9-cafc-109d-8c2d-a99672acfd27","Doha","Doha is the capital city and main financial hub of Qatar. Located on the Persian Gulf coast in the east of the country, north of Al Wakrah and south of Al Khor, it is home to most of the country's population. It is also Qatar's fastest growing city, with over 80% of the nation's population living in Doha or its surrounding suburbs.\n\nThe city also hosted the 2012 UNFCCC Climate Negotiations and the 2022 FIFA World Cup.\n\nThe city is served by Hamad International Airport (ICAO: OTHH), the home of Qatar’s flag carrier airline, Qatar Airways.","CI","QA",0,,25.303615,51.529519,1830,0,0,294,120,"false","KEEP"
"5314e1f3-4557-b001-8b01-3d5d0cc5e2d6","One more time!","The largest wooden airplane ever built.\n\nThe Spruce Goose was first conceived during World War II, when German submarines were sinking hundreds of Allied ships, and there was a growing need to move troops and materials across the Atlantic Ocean. Henry Kaiser conceived the idea of a massive flying transport and turned to Howard Hughes to design and build it. Hughes took on the task, made even more challenging by the government’s restrictions on materials critical to the war effort, such as steel and aluminum.\n\nSix times larger than any aircraft of its time, the Spruce Goose, also known as the Hughes Flying Boat, is made entirely of wood and flew just one time on November 2, 1947, in Long Beach, California.","WR","US",0,,33.74701,-118.217069,2.32,0,0,150,0,"true","STOP"
"04465fa7-7dbd-6eb4-26d5-1b9b3d33a7f2","Where it all began…","Merrill C. Meigs Field Airport was a single-runway airport in Chicago that was in operation from December 1948 until March 2003 on Northerly Island, an artificial peninsula on Lake Michigan. Meigs Field airport was opened on December 10, 1948, and, by 1955, had become the busiest single-strip airport in the United States.\n\nMeigs was the default airport for the Microsoft Flight Simulator series until Microsoft Flight Simulator 2004, though the airport remains operational in Flight Simulator 2004. In Flight Simulator X, it was completely removed from the scenery, up until the Steam Edition of the game added it as downloadable content in 2015. The scenery was also recreated with the 40th Anniversary Update for MSFS 2020.","AP","US",0,"KCGX",41.854377,-87.607592,586.58,0,0,356.74,0,"true","START"
"bd8e9273-ec4b-c29f-d024-0c33e5946c39","Mauna Loa","Hawaii’s Mauna Loa volcano is the largest active in the world. The 5,000 square kilometre volcano is situated inside Hawaii Volcanoes National Park. It is one of five volcanoes that form the Island of Hawaii in the U.S. state of Hawaii in the Pacific Ocean.\n\nIt erupted on November 27 2022, the first time after nearly 40 years since its last eruption in 1984.","MO","US",0,,19.415934,-155.50463,17600,0,0,300,0,"false","KEEP"
"f3b7e44f-c382-1a88-a85a-2f55d5dd1539","McMurdo Station","McMurdo Station is a United States Antarctic research station on the south tip of Ross Island, which is in the New Zealand-claimed Ross Dependency on the shore of McMurdo Sound in Antarctica. It is operated by the United States through the United States Antarctic Program (USAP), a branch of the National Science Foundation.\n\nThe station is the largest community in Antarctica, capable of supporting up to 1,258 residents,[2] and serves as one of three year-round United States Antarctic science facilities. All personnel and cargo going to or coming from Amundsen–Scott South Pole Station first pass through McMurdo. By road, McMurdo is 3 kilometres (1.9 mi) from New Zealand's smaller Scott Base.
","AS","US",0,"NZIR",-77.857846,166.622556,1450,0,0,42,90,"false","KEEP"
"c95b0041-3fdc-3951-a7ec-be936dfa070e","Parícutin","Parícutin (or Volcán de Parícutin, also accented Paricutín) is a cinder cone volcano located in the Mexican state of Michoacán, near the city of Uruapan and about 322 kilometers (200 mi) west of Mexico City. The volcano surged suddenly from the cornfield of local farmer Dionisio Pulido in 1943, attracting both popular and scientific attention.\n\nParicutín presented the first occasion for modern science to document the full life cycle of an eruption of this type. During the volcano's nine years of activity, scientists sketched and mapped it and took thousands of samples and photographs.","MO","MX",0,,19.493897,-102.267086,9400,0,0,90,110,"false","KEEP"
"1263a786-798a-a781-b6c2-ba994146aa01","Diavik Diamond Mine","The Diavik Diamond Mine is a diamond mine in the North Slave Region of the Northwest Territories, Canada, about 300 km northeast of Yellowknife.","LM","CA",0,,64.504797,-110.319933,3360,0,0,110,110,"false","KEEP"
"14eb7646-e541-6eb6-f1c6-dcfc99060465","Cerro Roma","Cerro Roma is a mountain in the Andes mountain range, located on the border between Argentina and Chile, in the Patagonia region.","MO","AR",0,,-49.988419,-73.490334,14200,0,0,36.75,110,"false","KEEP"
"1a010ba6-0a1d-2b76-71b3-cd6ad2620f30","Mazār-i-Sharīf","Mazār-e Sharīf, or Mazar, is the 4th largest city of Afghanistan and capital of the Balkh province. This region of northern Afghanistan is a tourist and pilgrimage destination due to its famous shrines and archeological sites.\n\n These spectacular mountains lie southeast stretching for hundreds of kilometers and can be reached easily from the Mazar Airport (OAMS).","CI","AF",0,,36.732912,67.060959,300,0,0,136,120,"false","KEEP"
"123cf625-6245-3c61-ee69-d101457e4e6d","Northumberlandia","Northumberlandia (the ""Lady of the North"") is a huge land sculpture in the shape of a reclining female figure, which was completed in 2012, near Cramlington, Northumberland, northern England.\n\nMade of 1.5 million tonnes of earth from neighbouring Shotton Surface Mine, it is 34 metres (112 feet) high and 400 metres (1,300 feet) long, set in a 19 hectares (47 acres) public park. Its creators claim that it is the largest land sculpture in female form in the world.","LM","GB",0,,55.089296,-1.611288,1240,0,0,266.54,90,"false","KEEP"
"35a86ae9-98f7-1ace-befb-f24bae1f1263","Capri","The picturesque small island of Capri lies at the far south of the Gulf of Naples. It's a long flight from Naples in a prop plane but the island is nicely rendered with steep rocky cliffs and the two scenic island towns of Capri and Anacapri.  It's a good 20-30 minutes from Naples across the Gulf at 80 knots.","IS","IT",0,,40.571583,14.266998,1500,0,0,225.15,90,"false","KEEP"
"b04dcd95-b44c-fd06-5c76-aedd1233a534","Shoemaker Crater","Shoemaker (formerly known as Teague Ring) is an impact structure, the deeply eroded remnant of a former impact crater, situated in arid central Western Australia, about 100 km (62 mi) north-northeast of Wiluna. It is named in honour of planetary geologist Eugene Shoemaker.","LM","AU",0,,-25.872552,120.892986,3200,0,0,327.41,110,"false","KEEP"
"68920282-7461-ff8a-9287-ea8e0eb2b12c","Zhangye National Geopark","The Zhangye Natural Geopark, formerly known as Zhangye Danxia Geopark, is a stunning collection of bizarre and colorful rock formations found in the foothills of the Quilian Mountains in China’s Gansu Province.","PA","CN",0,,38.940992,100.103243,6400,0,0,2,125,"false","KEEP"
"707aba15-bbfb-638c-c466-8e0fd431ab0e","Grand Staircase–Escalante National Monument","Grand Staircase–Escalante National Monument is a large area of varied desert topography in the state of Utah. It is some of the most remote land anywhere in the continental United States, in fact, it was the last region in the contiguous 48 American states to be mapped. There are a variety of canyons reaching all the way south to the Lake Powell recreation area in southern Utah.","CA","US",0,,37.782466,-111.585875,7750,0,0,92.85,120,"false","KEEP"
"3e5a11a2-2d98-1280-e6f0-83fb7cd5b6c1","Krontosky","Kronotsky is a major stratovolcano on the Kamchatka Peninsula, Russia. It is located in Kronotsky Nature Reserve to the east of Lake Kronotskoye ( the largest lake in Kamchatka. It has a particularly symmetrical conical shape, comparable to Mount Fuji in Japan and to Mayon Volcano in the Philippines. Kronotsky is considered to be one of the most scenic volcanoes in Kamchatka.","MO","RU",0,,54.724751,160.404529,10600,0,0,69,110,"false","KEEP"
"f6e0e06c-8343-9691-564a-244f5fc5df7a","Kenai Fjords National Park","Kenai Fjords National Park is located in Alaska. Take off from Anchorage (PANC) and follow one of the mountain passes to Seward at the tip of Resurrection Bay. From there head south and west. There are several prominent Fjords and over 10 glaciers to explore within the borders of the park.","PA","US",0,,59.81923,-149.764682,3400,0,0,308,115,"false","KEEP"
"3c6c12f7-efdc-31d3-7238-bfc2aebc710b","Fogo Island, Cape Verde","Fogo (Portuguese for ""fire"") is an island in the Sotavento group of Cape Verde. It reaches the highest altitude of all the islands in Cape Verde, rising to 2,829 metres (9,281 feet) above sea level at the summit of its active volcano, Pico do Fogo.","IS","PT",0,,14.95143,-24.216916,9200,0,0,270,115,"false","KEEP"
"7f01e7d1-342a-a22c-b44e-5db05276abdd","Namib Desert","The Namib desert (local meaning 'Vast place') stretches for more than 2000km along the Southwest coast of Africa. The massive dunes are the second largest in the world, after the Badain Jaran desert of China.\n\nFogs that originate offshore from the collision of the cold Benguela Current and warm air from the Hadley Cell create a fog belt that frequently envelops parts of the desert. Coastal regions can experience more than 180 days of thick fog a year. While this has proved a major hazard to ships—more than a thousand wrecks litter the Skeleton Coast—it is a vital source of moisture for desert life.\n\nThe Namib is almost completely uninhabited by humans except for several small settlements and indigenous pastoral groups.","DE","NA",0,,-24.438844,14.784684,1550,0,0,123,120,"false","KEEP"
"a4232380-3685-ff88-efcd-984c21a64273","Wake Island","Wake Island Airfield is a military air base located on Wake Island, which is known for the Battle of Wake Island during World War II. It is owned by the U.S. Air Force and operated by the 611th Air Support Group. The runway can be used for emergency landings by commercial jetliners flying transpacific routes and has been used in the past by airlines operating jet, turboprop and prop aircraft on scheduled flights.","AS","US",0,"PWAK",19.279846,166.650162,21.36,0,0,282,0,"true","STOP"
"f7f11c60-633c-ea9a-0353-06b9080ac26c","Saint-Malo","Saint-Malo is a historic French port on the English Channel coast. A walled city with a long history of piracy; earning much wealth from local extortion and noteworthy, overseas adventures. In 1944, the Allies heavily bombarded the city, which was garrisoned by German troops. The city changed into a popular tourist center, with a ferry terminal serving the Channel Islands of Jersey and Guernsey, as well as the Southern English settlements of Portsmouth, Hampshire and Poole, Dorset.","TO","FR",0,,48.648904,-2.036517,800,0,0,92,95,"false","KEEP"
"a863c48a-1e20-ebc6-0e1e-e72b71843983","Arecibo Observatory","The Arecibo Telescope was a 305 m (1,000 ft) spherical reflector radio telescope built into a natural sinkhole at the Arecibo Observatory located near Arecibo, Puerto Rico. A cable-mount steerable receiver and several radar transmitters for emitting signals were mounted 150 m (492 ft) above the dish. Completed in November 1963, the Arecibo Telescope was the world's largest single-aperture telescope for 53 years, until it was surpassed in July 2016 by the Five-hundred-meter Aperture Spherical Telescope (FAST) in Guizhou, China.\n\nIt unfortunately collapsed on December 1 2020.","PO","PR",0,,18.318062,-66.741455,2200,0,0,338,110,"false","KEEP"
"c127b605-c180-5af7-75f9-c543182ea1ba","Momella Lakes","This location can be seen at the start the Xbox gameplay trailer, and includes numerous fauna species. However, it is not marked on the world map. It could therefore be considered an easter egg. There is a small pier perfect for docking a small seaplane, and the area is surrounded by the beautiful Arusha National Park and nearby Mount Kilimanjaro.","LA","TZ",0,,-3.223853,36.913409,4800,0,0,271.08,0,"true","STOP"
"b79b533b-fb3f-ea04-4df9-296cd636a4bf","Lofoten Ilands","Lofoten  is an archipelago and a traditional district in the county of Nordland, Norway. Lofoten has distinctive scenery with dramatic mountains and peaks, open sea and sheltered bays, beaches and untouched lands.","IS","NO",0,,67.827729,12.773244,1100,0,0,61,120,"false","KEEP"
"11dc5b75-8526-5736-1d6e-2c8124a46edc","Wolfe Creek Meteorite Crater","Wolfe Creek Crater is a well-preserved meteorite impact crater in Western Australia.","LM","AU",0,,-19.164071,127.802061,1680,0,0,223,115,"false","KEEP"
"e4643e78-ed78-4eca-d0d6-2017bb332d5c","Mo'orea Island","Mo'orea, also spelled Moorea, is a volcanic island in French Polynesia. It is one of the Windward Islands, a group that is part of the Society Islands, 17 kilometres (11 mi) northwest of Tahiti. The name comes from the Tahitian word Mo'ore'a, meaning ""yellow lizard"", An older name for the island is 'Aimeho, sometimes spelled 'Aimeo or 'Eimeo (among other spellings that were used by early visitors before Tahitian spelling was standardized). Early Western colonists and voyagers also referred to Mo'orea as York Island.","IS","PF",0,,-17.63135,-149.817259,4500,0,0,355,120,"false","KEEP"
"fe83993b-14a4-443f-ad8e-89d4fe0c1e0a","Torres de Paine","The beautiful Serrano river flows throught the Torres del Paine National Park.\n\nIt is a national park encompassing mountains, glaciers, lakes, and rivers in southern Chilean Patagonia. The Cordillera del Paine is the centerpiece of the park. It lies in a transition area between the Magellanic subpolar forests and the Patagonian Steppes.  Paine means ""blue"" in the native Tehuelche (Aonikenk) language and is pronounced PIE-nay, while Torres means ""towers"".","PA","CL",0,,-51.221644,-72.976707,2200,0,0,248,115,"false","KEEP"
"ef538a60-e893-a0e2-2a17-d65d2ceb4c88","Out Skerries","The Out Skerries are an archipelago of islets, some inhabited, in Shetland, Scotland, and are the easternmost group of Shetland's islands. Locally, they are usually called Da Skerries or just Skerries.","LH","GB",0,,60.427871,-0.720155,300,0,0,244,110,"false","KEEP"
"d1f52635-2480-9dfa-de58-4d46c6091956","Gosses Bluff Crater","Gosses Bluff is thought to be the eroded remnant of an impact crater. Known as Tnorala to the Western Arrente people of the surrounding region, it is located in the southern Northern Territory.","LM","AU",0,,-23.820552,132.312668,2800,0,0,17,90,"false","KEEP"
"1dc71e1a-a3cc-0bda-a2ee-4fa74aa53ba8","Haughton Impact Crater","Haughton impact crater is located on Devon Island, Nunavut in far Northern Canada. It is about 23 km in diameter and formed about 39 million years ago during the late Eocene.","LM","CA",0,,75.383428,-89.671646,6500,0,0,64,120,"false","KEEP"
"5fea6b39-fbfb-f632-7fbb-80a5ceb9203d","Lake Kuttara","Lake Kuttara is a nearly circular caldera lake in Shiraoi, Hokkaidō, Japan. It is part of Shikotsu-Tōya National Park. The lake is recognized as having the best water quality in all of Japan.","LA","JP",0,,42.515096,141.149154,22000,0,0,117,110,"false","KEEP"
"b1b6860c-dc3f-c50b-6a09-3944f577ac6a","Popocatépetl Volcano","Popocatépetl is an active stratovolcano located in the states of Puebla, Morelos, and Mexico in central Mexico.","MO","MX",0,,19.04438,-98.564888,16000,0,0,250,105,"false","KEEP"
"0d0ce18b-5f97-044b-9e5b-48eb88e39c80","Zanzibar","Unguja, also known as Zanzibar Island, is the main island in the Tanzanian archipelago of Zanzibar. Stone Town, part of Zanzibar City, is an old trade center, with mosques and winding lanes.\n\nYou can see amazing water mask along its beach.","IS","TZ",0,,-6.408553,39.442423,400,0,0,348,110,"false","KEEP"
"8c00e128-8a25-b707-24a4-f3e5553645b0","Lake Ichkeul","Lake Ichkeul is a lake in northern Tunisia, located 20 kilometres (12 miles) to Bizerte, the northernmost city in Africa on the Mediterranean Sea. The lake and wetlands of Ichkeul National Park are an important stopping-over point for hundreds of thousands of migrating birds each year. Among the lake's visitors are ducks, geese, storks, and pink flamingoes. Dam construction on the lake's feeder rivers has produced major changes to the ecological balance of the lake and wetlands.","LA","TN",0,,37.168513,9.799133,8000,0,0,265,110,"false","KEEP"
"ce685492-e27b-3ab6-3d86-6be28a92ac3e","Yendegaia National Park","Yendegaia National Park is located in Tierra del Fuego in the Magallanes y la Antártica Chilena Region of Chile and contains 150,612 ha (372,170 acres) of mountainous terrain and Valdivian temperate rain forest. It borders the Alberto de Agostini National Park and Tierra del Fuego National Park.","PA","CL",0,,-54.839678,-68.816526,3000,0,0,316,110,"false","KEEP"
"01288943-82a2-4976-bd73-40a79dd790f1","Behringer Meteor Crater","Behringer Meteor Crater is a meteorite impact crater about 37 mi (60 km) east of Flagstaff, Arizona.  The crater was created about 50,000 years ago during the Pleistocene epoch when a nickel-iron meteorite about 160 ft (50 m) across collided with Earth. ","LM","US",0,,35.039991,-111.0196,6100,0,0,191,115,"false","KEEP"
"4be1a4d7-9a92-6f35-2d39-97fe140be299","Volcán Lanín","Lanín is an ice-clad, cone-shaped stratovolcano on the border of Argentina and Chile. It forms part of two national parks: Lanín in Argentina and Villarrica in Chile. It is a symbol of the Argentine province of Neuquén, being part of its flag and its anthem. Although the date of its last eruption is not known, it is estimated to have occurred within the last 10,000 years.","MO","AR",0,,-39.606775,-71.462413,12700,0,0,225,90,"false","KEEP"
"837905d2-76c0-2e15-efcb-49975faee120","Lagoa das Sete Cidades","It's a twin lake on a volcano crater, located at the island of São Miguel, archipelago of Azores, Portugal.\n\nIts name literally means ""Lagoon of the Seven Cities"".","LA","PT",0,,37.832529,-25.796568,3000,0,0,18.25,110,"false","KEEP"
"f2b7808a-5876-c7c6-c7c8-67002c05acc6","Vinicunca (Rainbow mountain)","The Vinicunca mountain is colored by several rock materials.","MO","PE",0,,-13.863615,-71.299407,16700,0,0,212,85,"false","KEEP"
"a45e37cc-420a-2803-7de1-008844e3041f","Black Rocks of Pungo Andongo","The Black Rocks of Pungo Andongo are dramatic rock formations springing up from the flat Savanna of southern Angola. These impressive desert monoliths were associated with tribal legend for the indigenous peoples of the region. While not appearing black in the Sim, these rock formations are still impressive, especially given the remarkable contrast to the flat desert surroundings. ","LM","AO",0,,-9.696438,15.592988,4650,0,0,4.5,120,"false","KEEP"
"8e3d03c4-14e5-d85e-9743-50d3810c5581","The Great Blue Hole","The Great Blue Hole is a giant marine sinkhole off the coast of Belize. It lies near the center of Lighthouse Reef, a small atoll 70 km from the mainland and Belize City.","SE","BZ",0,,17.310091,-87.52792,645,0,0,312,80,"false","KEEP"
"e9323b17-918e-6f33-17de-06ed7a80cec0","Machu Picchu","Machu Picchu is a 15th-century Inca citadel located in the Eastern Cordillera of southern Peru on a 2,430-meter (7,970 ft) mountain range. It is located in the Machupicchu District within Urubamba Province above the Sacred Valley, which is 80 kilometers (50 mi) northwest of Cusco. The Urubamba River flows past it, cutting through the Cordillera and creating a canyon with a tropical mountain climate.\n\nThe Incas, in contrast to the Maya, had no written language, and no European visited the site until the 19th century, so far as is known. There are, therefore, no written records of the site while it was in use. The names of the buildings, their supposed uses, and their inhabitants are all the product of modern archeologists, on the basis of physical evidence, including tombs at the site.","TO","PE",0,,-13.158153,-72.535516,8350,0,0,242,80,"false","KEEP"
"843f0d8e-de16-8b7e-358e-02d7a268f862","Juani Island","Beautiful water masking surrounding Juani Island. Part of the Rufiji Mafia Kilwa Marine Reserve, located in the three districts of Rufiji, Mafia and Kilwa, within the Coast and Lindi regions of southeast Tanzania.\n\nThe area is listed as a world heritage site. ","IS","TZ",0,,-8.039493,39.7492,760,0,0,46,110,"false","KEEP"
"ff8f6234-0486-7182-3383-faa696cbe106","Dahlak Marine National Park","Dahlak (Dahlac) Marine National Park is a national park in the Northern Red Sea Region of Eritrea. It includes part of the Dahlak archipelago and the surrounding waters.\n\nPermission must be acquired before being allowed to travel to Dahlak Marine National Park. The park is flourishing with wildlife and there are an estimated 325 different species of fish in the waters surrounding the region. Many of the uninhabited islands have become nesting areas for large numbers of seabirds due to their isolated nature and rich feeding grounds in the surrounding area.","PA","ER",0,,15.775864,40.148547,320,0,0,282,120,"false","KEEP"
"b7deaa9b-1762-ac00-fcf9-8067ae5d1360","Mount Cook National Park","Aoraki/Mount Cook National Park is in the South Island of New Zealand. Aoraki / Mount Cook, New Zealand's highest mountain, and the eponymous village lie within the park. The area was gazetted as a national park in October 1953 and consists of reserves that were established as early as 1887 to protect the area's significant vegetation and landscape.","PA","NZ",0,,-43.59278,170.190176,12200,0,0,260,120,"false","KEEP"
"35682b54-b867-f124-99d6-a00fa34a321c","Sani Pass","Sani Pass is a mountain pass located in the West of KwaZulu-Natal, South Africa on the road between Underberg, KwaZulu-Natal and Mokhotlong, Lesotho.","MO","ZA",0,,-29.597413,29.310338,10000,0,0,298,120,"false","KEEP"
"f167a03e-a4f6-32ec-30f2-7809aa338657","Mont Blanc","Mont Blanc (meaning ""white mountain"") is the highest mountain in the Alps and Western Europe, rising 4,807.81 m (15,774 ft) above sea level. It is the second-most prominent mountain in Europe, after Mount Elbrus, and it is the eleventh most prominent mountain summit in the world.","MO","FR",0,,45.847646,6.946393,15500,0,0,253,110,"false","KEEP"
"17d0ffcf-9ba0-1124-f7e0-abb40ea43b6b","Wadi Rum","Wadi Rum (also Wādī al-Ramm), known also as the Valley of the Moon, is a valley cut into the sandstone and granite rock in southern Jordan 60 km (37 mi) to the east of Aqaba; it is the largest wadi in Jordan.\n\nDesert scenes of Wadi Rum in Lawrence of Arabia from 1962 kick-started Jordan's tourism industry. Other movies include The Martian – filming for the Ridley Scott film began in March 2015, for shots that stood in for the surface of Mars.","VA","JO",0,,29.572423,35.410162,6200,0,0,148,115,"false","KEEP"
"2796c05f-9a41-f60f-ea26-48f2ec600964","Al Farafra Desert","This desert includes some remarkable sand waves and geological formations.","DE","EG",0,,26.428221,27.875891,1360,0,0,280,110,"false","KEEP"
"02754340-5ebd-b741-82fb-1a612c34e040","Mount Iwaki","Mount Iwaki is a stratovolcano located in western Aomori Prefecture, Tohoku, Japan. It is also referred to as Tsugaru Fuji and less frequently, Okufuji due to its similar shape to Mount Fuji. With a summit elevation of 1,625 meters and a prominence of 1,322 meters it is the highest mountain in Aomori Prefecture.","MO","JP",0,,40.652313,140.34262,4880,0,0,258,120,"false","KEEP"
"c2fdcbfe-c0f8-d3bd-5723-b6be834408e0","Island of Costaérès","The Château de Costaérès is located on the island of Costaérès in the territory of the French commune of Trégastel, in Côtes-d'Armor, Brittany.","IS","FR",0,,48.841344,-3.489932,265,0,0,196,80,"false","KEEP"
"72696e0b-fab0-4e74-ec3f-37df53d33662","Wakhan Corridor","The Wakhan Corridor is a narrow strip of territory in Afghanistan, extending to China and separating Tajikistan from Pakistan and Kashmir.\n\nWith a difference of 3.5 hours, the border Afghanistan-China has the sharpest official change of clocks of any international frontier (UTC+4:30 in Afghanistan to UTC+8, in China).","LM","AF",0,,37.234503,74.841523,16500,0,0,355,125,"false","KEEP"
"9d4e3c3d-f286-247f-cefb-e92cf209345f","Burj Al Arab Helipad","The Burj Al Arab is a luxury hotel located in the city of Dubai, United Arab Emirates. Managed by Jumeirah hotel group, it is one of the tallest hotels in the world, although 39% of its total height is made up of non-occupiable space. Burj Al Arab stands on an artificial island that is 280 m (920 ft) from Jumeirah Beach and is connected to the mainland by a private curving bridge. The shape of the structure is designed to resemble the sail of a ship. It has a helipad near the roof, at a height of 210 m (689 ft) above ground. ","HP","AE",0,,25.14116,55.185432,741.55,0,0,216.89,0,"true","STOP"
"44c50ed5-db30-86d5-654e-4301943b18ed","Brukkaros Crater","Brukkaros Mountain (Khoekhoe: Geitsi Gubib) is a collapsed caldera in ǁKaras Region, Namibia. Measuring 1,590 metres at its peak on the eastern edge of the crater, Brukkaros is located about 15 kilometres northeast of the primarily Nama town of Berseba and 100 kilometres north-northwest of Keetmanshoop.[1] It is over 650 metres taller than the surrounding area, but the crater floor is 350 m below the rim.","LM","NA",0,,-25.910006,17.781995,6800,0,0,0,0,"false","KEEP"
"f3c73382-65b4-db90-0990-9b9e77996d64","Alaniya National Park","The Alaniya National Park sits on the border of Russia and Georgia in the Caucasus Mountain range. This is a very mountainous area with lots of nice glaciers to check out.","PA","RU",0,,42.865249,43.694467,6500,0,0,1,100,"false","KEEP"
"cd8ae07e-d765-8926-e718-ad0b80453457","Mafia Island","Mafia Island is an island and district of Pwani Region, Tanzania. The island is the third largest in Tanzanian ocean territory, but is not administratively included within the semi-autonomous region of Zanzibar, which has been politically separate since 1890. Mafia Island forms the major part of Mafia District, one of the six administrative districts in the Pwani coastal region.","IS","TZ",0,,-8.033474,39.750781,2350,0,0,350,120,"false","KEEP"
"6f5f9c9b-5567-3592-eecf-6849e9ab8124","Salinas Grandes","The spectacular Salinas Grandes in the north western part of Argentina is a salt plain that covers an area of 212 km2 and sits at an altitude of 3500 meters above sea level.\n\nIt’s the remnant of a lake that dried up in the Holocene and the area is now covered with a 0.5m thick salt crust.","LM","AR",0,,-30.191719,-64.833988,10200,0,0,356,160,"false","KEEP"
"c8ca6958-fe92-6a00-baa5-20f3b128b01d","Providencia Island","Isla de Providencia, historically Old Providence, and generally known as Providencia, is a mountainous Caribbean island that is part of the Colombian department of Archipelago of San Andrés, Providencia and Santa Catalina and the municipality of Providencia and Santa Catalina Islands, lying midway between Costa Rica and Jamaica.","IS","CO",0,,13.303252,-81.367167,1200,0,0,352,110,"false","KEEP"
"68a4f54a-2396-e68a-7e40-0fcdefc1a471","Dasht-e Lut","The Lut Desert, widely referred to as Dasht-e Lut (""Emptiness Plain""), is a large salt desert located in the provinces of Kerman and Sistan and Baluchestan, Iran. It is the world's 33rd-largest desert, and was included on UNESCO's World Heritage List on July 17, 2016. The name is derived from 'Lut' which means bare and empty in Persian and 'dasht' which means plain in Persian. The surface of its sand has been measured at temperatures as high as 70.7 °C (159.3 °F), making it one of the world's driest and hottest places.","DE","IR",0,,30.49577,58.502751,3000,0,0,334,130,"false","KEEP"
"0b22424b-20f2-5fde-c10c-a6bc0a12ad42","Kolsaiskie","Kolsay Lakes National Park is located on the north slope of the Tian Shan Mountains, southeast Kazakhstan. Often referred to as ""Pearls of Tien Shan"", the park's main feature are the Kolsay Lakes located between the Raiymbek District and Talgar District of Almaty Region.","PA","KZ",0,,42.951611,77.611648,12500,0,0,215,100,"false","KEEP"
"0260dd1d-55d6-7a9c-b2dc-2ca2fcf510bc","St. George, Grenada","Grenada is an island country in the West Indies in the Caribbean Sea at the southern end of the Grenadines island chain. Grenada consists of the island of Grenada itself, two smaller islands, Carriacou and Petite Martinique, and several small islands which lie to the north of the main island and are a part of the Grenadines. It is located northwest of Trinidad and Tobago, northeast of Venezuela and southwest of Saint Vincent and the Grenadines.\n\nIts capital is St. George's. Grenada is also known as the ""Island of Spice"" due to its production of nutmeg and mace crops.","IS","GD",0,,12.002135,-61.722868,1450,0,0,273,110,"false","KEEP"
"ae87f009-8f3f-1c29-695e-6109bd45ec50","Shanghai","With almost 25 million inhabitants, Shanghai is the most populous city in China and the second most populous city proper in the world. The city was first inhabited over 6000 years ago and is today known as a global finance, research and technology centre. Shanghai also houses the worlds busiest container port.\n\nThe Lujiazui skyline is famous for its iconic buildings. Such as the Shanghai Tower, The Shanghai World Financial Centre, Jin Mao Tower and possible the most famous Oriental Pearl Tower.","CI","CN",0,,31.244201,121.473652,1600,0,0,102.5,110,"false","KEEP"
"5fcc83fe-46d2-9750-4978-a8db3ab34752","Minna Island","This small Island sits in between the two Japanese islands of Miyakojima and Ishigaki Island. The Island is surrounded by beautiful reefs.","IS","JP",0,,24.792952,124.678108,1800,0,0,164,110,"false","KEEP"
"73d0b540-ba33-81b6-37eb-d846295b331d","Balochistan","This spot is exactly a few miles east from the highest mountain top ""Loe sar Nekan"", in the province of Baluchistan in the southwest of Pakistan.\n\nLoe sar Nekan is located 30 km east-north-east of the city of Quetta in the Zarghun Ghar mountain massif. Loe sar Nekan peak has a height of 3575 m.\n\nOn the west side of the mountain range is  Quetta Int'l Airport (OPQT).","VA","PK",0,,30.156954,67.628694,5800,0,0,225,120,"false","KEEP"
"a64e79e5-d1b4-3471-bce5-96f822d440ac","Ishigaki Island","This beautiful Japanese Island is located around 411km south-west of Okinawa Honto. Much of the Island is protected as part of the Iriomote-Ishigaki National Park. Ishigaki Island is surrounded by fringing coral reefs of several hundred meters to 1 km in width. ","IS","JP",0,,24.635299,124.33668,4900,0,0,196,120,"false","KEEP"
"1b6b26a8-73ef-4e78-f407-acdaa6104bf2","Etosha Pan","Africa’s largest salt pan, The Etosha Pan, is a vast open expanse of brilliant green and white. It’s so big it’s said to be visible from space. It is 130km long and up to 50km wide.\n\nA long time ago the pan was a lake but over time, the climate forced the rivers that once fed the lake to change course and flow into the Atlantic Ocean instead.\n\nThe airports Okaukuejo Airport (FYOO) and Operet Airport (FYOU) are in the vicinity.","LM","NA",0,,-18.803767,16.352453,8270,0,0,308,180,"false","KEEP"
"2a96bab5-3664-7539-b7d4-ccb076d76999","Rann of Kutch","The Great Raann of Kutch is a huge white salt marsh. It is India’s largest and offers a otherworldly landscape. It’s about 7500 square kilometre making it, possibly, the largest salt desert in the world.\n\nThis is one of the hottest areas of India – with summer temperatures averaging and peaking at 49.5 °C. Winter temperatures reduce dramatically and can go below 0 °C.","DE","IN",0,,23.872822,70.443456,3265,0,0,195,150,"false","KEEP"
"61fbc43c-3d40-44f6-90a7-98b104e085e0","Icy Bay, Alaska","Icy Bay is a relatively young body of water in the southeast of Alaska. It has formed in the last 100 years due to the rapid retreat of two glaciers.\n\nThe bay is also famous for the 2015 landslide and megatsunami, where 181,000,000 metric tons of rock was dislodged when the side of a mountain collapsed. ","VA","US",0,,60.023181,-141.339045,2800,0,0,335,130,"false","KEEP"
"e6c5a501-b962-0b64-d396-842711761a9d","Lake Coipasa","Lake Coipasa is a saline lake with a depth of 3.5 metres. It is surrounded by the Coipasa salt flat (Salar de Coipasa), and the volcanic cone of Wila Pukarani.\n\nThe lake is a breeding ground for flamingos with thousands having settled on the shores of Lake Coipasa.","LA","BO",0,,-19.113797,-68.27515,18000,0,0,137,155,"false","KEEP"
"7119541b-63da-f385-dbf3-5933d610abe7","Anjihai Grand Canyon","The Anjihai Grand Canyon, also known as the Hongshan (Red Mountain) Grand Canyon, is found at the northern foot of the Tianshan Mountains in northwest China's Xinjiang Uygur Autonomous Region.","CA","CN",0,,44.002612,84.959755,6875,0,0,200,120,"false","KEEP"
"4dc0ab85-0259-7027-b8b2-34eee51a4ec3","Lençóis Maranhense","A national park located in northeastern Brazil. The coastline is composed of Rolling sand dunes, who’s valleys fill during the rainy season and becomes fresh water lagoons.","PA","BR",0,,-2.631459,-42.876554,3150,0,0,295,110,"false","KEEP"
"dd5df6bb-e7b2-14df-d4f0-e938b2fbddae","Palmanova","Palmanova is a town and comune in northeastern Italy. The town is an example of star fort of the late Renaissance, built up by the Venetian Republic in 1593.\n\nThe fortifications were included in UNESCO's World Heritage Site list as part of Venetian Works of Defence between 15th and 17th centuries: Stato da Terra – western Stato da Mar in 2017.","TO","IT",0,,45.892648,13.309916,710,0,0,0,90,"false","KEEP"
"ddb64567-43f6-e568-e7a3-cd6cc97033f1","Logar Valley","The Logar Valley Landscape Park is a beautiful valley in the Kamnik Alps in Slovenia. It’s a glacial valley divided into three parts and spans about 25 square kilometres.\n\nThere are several airports and smaller airfields in the area with Slovenias largest Airport Ljubljana Jože Pučnik Airport located at the foothills of the Kamnik–Savinja Alps. A great place to start your excursion from. ","VA","SI",0,,46.435932,14.658032,4900,0,0,207,110,"false","KEEP"
"e0ba8512-27b3-5954-5ac3-4ed71ec43b73","Laguna Cascada","Beautiful mountainous area in Chile with lakes and glaciers.","LA","CL",0,,-48.584706,-73.035541,3100,0,0,309,90,"false","KEEP"
"a762b21c-7d94-970c-633e-a984cceeca18","Los Roques Archipelago","The archipelago of Los Roques is a shallow lagoon protected by two coral reefs. Numerous reefs, sandbanks and cays with a handful of larger islands provide spectacular seascapes.","SE","VE",0,,11.84026,-66.663817,3000,0,0,305,130,"false","KEEP"
"eef16663-961a-0ca0-c19a-e44fd136ee47","Ninety Mile Beach","Renowned for spectacular sunsets and boasting one of the best left hand surf breaks in the world, Ninety Mile Beach is an almost never-ending paradise.

Ninety-Mile Beach is the fabled strip of sand that stretches from Ahipara to Scott Point, five kilometres south of Cape Maria van Diemen. Truth be told, it is actually 88 kilometres long.

This beach is officially a highway, but is really only suitable for 4WD vehicles and is safe to drive only at specific times of the tides.","LM","NZ",0,,-34.691997,172.903317,1740,0,0,145,110,"false","KEEP"
"5cb74966-11fe-fa42-d544-08f5b92e745b","Edoras","Nestled in the Ashburton District's high country sits Mount Sunday - a sheer-sided hill that was the set for Edoras, the main city of the Rohan people in the Lord of the Rings movie.

Nothing remains of this set, which took nine months to build, however the location still has powerful magic.","MO","NZ",0,,-43.546864,170.897028,2050,0,0,250,110,"false","KEEP"
"eece0013-029e-471f-f03d-56cde19fd5d2","Waiau River","The Waiau River between Te Anau and Manapouri represented the River Anduin in the movie Lord of the Rings as the Fellowship paddled south from Lothlórien. The surrounding high peaks were used to depict the rough country south of Rivendell.","RI","NZ",0,,-45.508083,167.645817,1290,0,0,36,110,"false","KEEP"
"a2d14fd0-6ab1-7c34-9cc1-6d16c9e55687","Mount Owen","You'll need to catch a helicopter to see where the fellowship in the movie Lord of the Rings hid from Saruman's black crows. Ask the pilot to show you Dimrill Dale - Mount Olympus and Mount Owen. From the air, you'll get an eagle's view of the region's three national parks - Abel Tasman, Nelson Lakes and Kahurangi.","MO","NZ",0,,-41.573704,172.52078,7159.82,0,0,32,110,"false","KEEP"
"8c07a6ce-04a1-2373-17a5-5381acfc9581","Wellington Approach","Fly an approach from the north-west towards Wellington International, based on  real-world flight Jetstar 253 from Auckland.

Wellington International Airport is an international airport located in the suburb of Rongotai in Wellington. It lies 3 NM or 5.5 km south-east from the city centre. It is a hub for Air New Zealand and Sounds Air. ","AP","NZ",0,"NZWN",-41.141337,174.819466,2750,0,0,183,180,"false","KEEP"
